Field Code,Description,Census Table,Universe
P0010001,Total:,P1. RACE,Total population
P0010002,Population of one race:,P1. RACE,Total population
P0010003,White alone,P1. RACE,Total population
P0010004,Black or African American alone,P1. RACE,Total population
P0010005,American Indian and Alaska Native alone,P1. RACE,Total population
P0010006,Asian alone,P1. RACE,Total population
P0010007,Native Hawaiian and Other Pacific Islander alone,P1. RACE,Total population
P0010008,Some Other Race alone,P1. RACE,Total population
P0010009,Population of two or more races:,P1. RACE,Total population
P0010010,Population of two races:,P1. RACE,Total population
P0010011,White; Black or African American,P1. RACE,Total population
P0010012,White; American Indian and Alaska Native,P1. RACE,Total population
P0010013,White; Asian,P1. RACE,Total population
P0010014,White; Native Hawaiian and Other Pacific Islander,P1. RACE,Total population
P0010015,White; Some Other Race,P1. RACE,Total population
P0010016,Black or African American; American Indian and Alaska Native,P1. RACE,Total population
P0010017,Black or African American; Asian,P1. RACE,Total population
P0010018,Black or African American; Native Hawaiian and Other Pacific Islander,P1. RACE,Total population
P0010019,Black or African American; Some Other Race,P1. RACE,Total population
P0010020,American Indian and Alaska Native; Asian,P1. RACE,Total population
P0010021,American Indian and Alaska Native; Native Hawaiian and Other Pacific Islander,P1. RACE,Total population
P0010022,American Indian and Alaska Native; Some Other Race,P1. RACE,Total population
P0010023,Asian; Native Hawaiian and Other Pacific Islander,P1. RACE,Total population
P0010024,Asian; Some Other Race,P1. RACE,Total population
P0010025,Native Hawaiian and Other Pacific Islander; Some Other Race,P1. RACE,Total population
P0010026,Population of three races:,P1. RACE,Total population
P0010027,White; Black or African American; American Indian and Alaska Native,P1. RACE,Total population
P0010028,White; Black or African American; Asian,P1. RACE,Total population
P0010029,White; Black or African American; Native Hawaiian and Other Pacific Islander,P1. RACE,Total population
P0010030,White; Black or African American; Some Other Race,P1. RACE,Total population
P0010031,White; American Indian and Alaska Native; Asian,P1. RACE,Total population
P0010032,White; American Indian and Alaska Native; Native Hawaiian and Other Pacific Islander,P1. RACE,Total population
P0010033,White; American Indian and Alaska Native; Some Other Race,P1. RACE,Total population
P0010034,White; Asian; Native Hawaiian and Other Pacific Islander,P1. RACE,Total population
P0010035,White; Asian; Some Other Race,P1. RACE,Total population
P0010036,White; Native Hawaiian and Other Pacific Islander; Some Other Race,P1. RACE,Total population
P0010037,Black or African American; American Indian and Alaska Native; Asian,P1. RACE,Total population
P0010038,Black or African American; American Indian and Alaska Native; Native Hawaiian and Other Pacific Islander,P1. RACE,Total population
P0010039,Black or African American; American Indian and Alaska Native; Some Other Race,P1. RACE,Total population
P0010040,Black or African American; Asian; Native Hawaiian and Other Pacific Islander,P1. RACE,Total population
P0010041,Black or African American; Asian; Some Other Race,P1. RACE,Total population
P0010042,Black or African American; Native Hawaiian and Other Pacific Islander; Some Other Race,P1. RACE,Total population
P0010043,American Indian and Alaska Native; Asian; Native Hawaiian and Other Pacific Islander,P1. RACE,Total population
P0010044,American Indian and Alaska Native; Asian; Some Other Race,P1. RACE,Total population
P0010045,American Indian and Alaska Native; Native Hawaiian and Other Pacific Islander; Some Other Race,P1. RACE,Total population
P0010046,Asian; Native Hawaiian and Other Pacific Islander; Some Other Race,P1. RACE,Total population
P0010047,Population of four races:,P1. RACE,Total population
P0010048,White; Black or African American; American Indian and Alaska Native; Asian,P1. RACE,Total population
P0010049,White; Black or African American; American Indian and Alaska Native; Native Hawaiian and Other Pacific Islander,P1. RACE,Total population
P0010050,White; Black or African American; American Indian and Alaska Native; Some Other Race,P1. RACE,Total population
P0010051,White; Black or African American; Asian; Native Hawaiian and Other Pacific Islander,P1. RACE,Total population
P0010052,White; Black or African American; Asian; Some Other Race,P1. RACE,Total population
P0010053,White; Black or African American; Native Hawaiian and Other Pacific Islander; Some Other Race,P1. RACE,Total population
P0010054,White; American Indian and Alaska Native; Asian; Native Hawaiian and Other Pacific Islander,P1. RACE,Total population
P0010055,White; American Indian and Alaska Native; Asian; Some Other Race,P1. RACE,Total population
P0010056,White; American Indian and Alaska Native; Native Hawaiian and Other Pacific Islander; Some Other Race,P1. RACE,Total population
P0010057,White; Asian; Native Hawaiian and Other Pacific Islander; Some Other Race,P1. RACE,Total population
P0010058,Black or African American; American Indian and Alaska Native; Asian; Native Hawaiian and Other Pacific Islander,P1. RACE,Total population
P0010059,Black or African American; American Indian and Alaska Native; Asian; Some Other Race,P1. RACE,Total population
P0010060,Black or African American; American Indian and Alaska Native; Native Hawaiian and Other Pacific Islander; Some Other Race,P1. RACE,Total population
P0010061,Black or African American; Asian; Native Hawaiian and Other Pacific Islander; Some Other Race,P1. RACE,Total population
P0010062,American Indian and Alaska Native; Asian; Native Hawaiian and Other Pacific Islander; Some Other Race,P1. RACE,Total population
P0010063,Population of five races:,P1. RACE,Total population
P0010064,White; Black or African American; American Indian and Alaska Native; Asian; Native Hawaiian and Other Pacific Islander,P1. RACE,Total population
P0010065,White; Black or African American; American Indian and Alaska Native; Asian; Some Other Race,P1. RACE,Total population
P0010066,White; Black or African American; American Indian and Alaska Native; Native Hawaiian and Other Pacific Islander; Some Other Race,P1. RACE,Total population
P0010067,White; Black or African American; Asian; Native Hawaiian and Other Pacific Islander; Some Other Race,P1. RACE,Total population
P0010068,White; American Indian and Alaska Native; Asian; Native Hawaiian and Other Pacific Islander; Some Other Race,P1. RACE,Total population
P0010069,Black or African American; American Indian and Alaska Native; Asian; Native Hawaiian and Other Pacific Islander; Some Other Race,P1. RACE,Total population
P0010070,Population of six races:,P1. RACE,Total population
P0010071,White; Black or African American; American Indian and Alaska Native; Asian; Native Hawaiian and Other Pacific Islander; Some Other Race,P1. RACE,Total population
P0020001,Total:,"P2. HISPANIC OR LATINO, AND NOT HISPANIC OR LATINO BY RACE",Total population
P0020002,Hispanic or Latino,"P2. HISPANIC OR LATINO, AND NOT HISPANIC OR LATINO BY RACE",Total population
P0020003,Not Hispanic or Latino:,"P2. HISPANIC OR LATINO, AND NOT HISPANIC OR LATINO BY RACE",Total population
P0020004,Population of one race:,"P2. HISPANIC OR LATINO, AND NOT HISPANIC OR LATINO BY RACE",Total population
P0020005,White alone,"P2. HISPANIC OR LATINO, AND NOT HISPANIC OR LATINO BY RACE",Total population
P0020006,Black or African American alone,"P2. HISPANIC OR LATINO, AND NOT HISPANIC OR LATINO BY RACE",Total population
P0020007,American Indian and Alaska Native alone,"P2. HISPANIC OR LATINO, AND NOT HISPANIC OR LATINO BY RACE",Total population
P0020008,Asian alone,"P2. HISPANIC OR LATINO, AND NOT HISPANIC OR LATINO BY RACE",Total population
P0020009,Native Hawaiian and Other Pacific Islander alone,"P2. HISPANIC OR LATINO, AND NOT HISPANIC OR LATINO BY RACE",Total population
P0020010,Some Other Race alone,"P2. HISPANIC OR LATINO, AND NOT HISPANIC OR LATINO BY RACE",Total population
P0020011,Population of two or more races:,"P2. HISPANIC OR LATINO, AND NOT HISPANIC OR LATINO BY RACE",Total population
P0020012,Population of two races:,"P2. HISPANIC OR LATINO, AND NOT HISPANIC OR LATINO BY RACE",Total population
P0020013,White; Black or African American,"P2. HISPANIC OR LATINO, AND NOT HISPANIC OR LATINO BY RACE",Total population
P0020014,White; American Indian and Alaska Native,"P2. HISPANIC OR LATINO, AND NOT HISPANIC OR LATINO BY RACE",Total population
P0020015,White; Asian,"P2. HISPANIC OR LATINO, AND NOT HISPANIC OR LATINO BY RACE",Total population
P0020016,White; Native Hawaiian and Other Pacific Islander,"P2. HISPANIC OR LATINO, AND NOT HISPANIC OR LATINO BY RACE",Total population
P0020017,White; Some Other Race,"P2. HISPANIC OR LATINO, AND NOT HISPANIC OR LATINO BY RACE",Total population
P0020018,Black or African American; American Indian and Alaska Native,"P2. HISPANIC OR LATINO, AND NOT HISPANIC OR LATINO BY RACE",Total population
P0020019,Black or African American; Asian,"P2. HISPANIC OR LATINO, AND NOT HISPANIC OR LATINO BY RACE",Total population
P0020020,Black or African American; Native Hawaiian and Other Pacific Islander,"P2. HISPANIC OR LATINO, AND NOT HISPANIC OR LATINO BY RACE",Total population
P0020021,Black or African American; Some Other Race,"P2. HISPANIC OR LATINO, AND NOT HISPANIC OR LATINO BY RACE",Total population
P0020022,American Indian and Alaska Native; Asian,"P2. HISPANIC OR LATINO, AND NOT HISPANIC OR LATINO BY RACE",Total population
P0020023,American Indian and Alaska Native; Native Hawaiian and Other Pacific Islander,"P2. HISPANIC OR LATINO, AND NOT HISPANIC OR LATINO BY RACE",Total population
P0020024,American Indian and Alaska Native; Some Other Race,"P2. HISPANIC OR LATINO, AND NOT HISPANIC OR LATINO BY RACE",Total population
P0020025,Asian; Native Hawaiian and Other Pacific Islander,"P2. HISPANIC OR LATINO, AND NOT HISPANIC OR LATINO BY RACE",Total population
P0020026,Asian; Some Other Race,"P2. HISPANIC OR LATINO, AND NOT HISPANIC OR LATINO BY RACE",Total population
P0020027,Native Hawaiian and Other Pacific Islander; Some Other Race,"P2. HISPANIC OR LATINO, AND NOT HISPANIC OR LATINO BY RACE",Total population
P0020028,Population of three races:,"P2. HISPANIC OR LATINO, AND NOT HISPANIC OR LATINO BY RACE",Total population
P0020029,White; Black or African American; American Indian and Alaska Native,"P2. HISPANIC OR LATINO, AND NOT HISPANIC OR LATINO BY RACE",Total population
P0020030,White; Black or African American; Asian,"P2. HISPANIC OR LATINO, AND NOT HISPANIC OR LATINO BY RACE",Total population
P0020031,White; Black or African American; Native Hawaiian and Other Pacific Islander,"P2. HISPANIC OR LATINO, AND NOT HISPANIC OR LATINO BY RACE",Total population
P0020032,White; Black or African American; Some Other Race,"P2. HISPANIC OR LATINO, AND NOT HISPANIC OR LATINO BY RACE",Total population
P0020033,White; American Indian and Alaska Native; Asian,"P2. HISPANIC OR LATINO, AND NOT HISPANIC OR LATINO BY RACE",Total population
P0020034,White; American Indian and Alaska Native; Native Hawaiian and Other Pacific Islander,"P2. HISPANIC OR LATINO, AND NOT HISPANIC OR LATINO BY RACE",Total population
P0020035,White; American Indian and Alaska Native; Some Other Race,"P2. HISPANIC OR LATINO, AND NOT HISPANIC OR LATINO BY RACE",Total population
P0020036,White; Asian; Native Hawaiian and Other Pacific Islander,"P2. HISPANIC OR LATINO, AND NOT HISPANIC OR LATINO BY RACE",Total population
P0020037,White; Asian; Some Other Race,"P2. HISPANIC OR LATINO, AND NOT HISPANIC OR LATINO BY RACE",Total population
P0020038,White; Native Hawaiian and Other Pacific Islander; Some Other Race,"P2. HISPANIC OR LATINO, AND NOT HISPANIC OR LATINO BY RACE",Total population
P0020039,Black or African American; American Indian and Alaska Native; Asian,"P2. HISPANIC OR LATINO, AND NOT HISPANIC OR LATINO BY RACE",Total population
P0020040,Black or African American; American Indian and Alaska Native; Native Hawaiian and Other Pacific Islander,"P2. HISPANIC OR LATINO, AND NOT HISPANIC OR LATINO BY RACE",Total population
P0020041,Black or African American; American Indian and Alaska Native; Some Other Race,"P2. HISPANIC OR LATINO, AND NOT HISPANIC OR LATINO BY RACE",Total population
P0020042,Black or African American; Asian; Native Hawaiian and Other Pacific Islander,"P2. HISPANIC OR LATINO, AND NOT HISPANIC OR LATINO BY RACE",Total population
P0020043,Black or African American; Asian; Some Other Race,"P2. HISPANIC OR LATINO, AND NOT HISPANIC OR LATINO BY RACE",Total population
P0020044,Black or African American; Native Hawaiian and Other Pacific Islander; Some Other Race,"P2. HISPANIC OR LATINO, AND NOT HISPANIC OR LATINO BY RACE",Total population
P0020045,American Indian and Alaska Native; Asian; Native Hawaiian and Other Pacific Islander,"P2. HISPANIC OR LATINO, AND NOT HISPANIC OR LATINO BY RACE",Total population
P0020046,American Indian and Alaska Native; Asian; Some Other Race,"P2. HISPANIC OR LATINO, AND NOT HISPANIC OR LATINO BY RACE",Total population
P0020047,American Indian and Alaska Native; Native Hawaiian and Other Pacific Islander; Some Other Race,"P2. HISPANIC OR LATINO, AND NOT HISPANIC OR LATINO BY RACE",Total population
P0020048,Asian; Native Hawaiian and Other Pacific Islander; Some Other Race,"P2. HISPANIC OR LATINO, AND NOT HISPANIC OR LATINO BY RACE",Total population
P0020049,Population of four races:,"P2. HISPANIC OR LATINO, AND NOT HISPANIC OR LATINO BY RACE",Total population
P0020050,White; Black or African American; American Indian and Alaska Native; Asian,"P2. HISPANIC OR LATINO, AND NOT HISPANIC OR LATINO BY RACE",Total population
P0020051,White; Black or African American; American Indian and Alaska Native; Native Hawaiian and Other Pacific Islander,"P2. HISPANIC OR LATINO, AND NOT HISPANIC OR LATINO BY RACE",Total population
P0020052,White; Black or African American; American Indian and Alaska Native; Some Other Race,"P2. HISPANIC OR LATINO, AND NOT HISPANIC OR LATINO BY RACE",Total population
P0020053,White; Black or African American; Asian; Native Hawaiian and Other Pacific Islander,"P2. HISPANIC OR LATINO, AND NOT HISPANIC OR LATINO BY RACE",Total population
P0020054,White; Black or African American; Asian; Some Other Race,"P2. HISPANIC OR LATINO, AND NOT HISPANIC OR LATINO BY RACE",Total population
P0020055,White; Black or African American; Native Hawaiian and Other Pacific Islander; Some Other Race,"P2. HISPANIC OR LATINO, AND NOT HISPANIC OR LATINO BY RACE",Total population
P0020056,White; American Indian and Alaska Native; Asian; Native Hawaiian and Other Pacific Islander,"P2. HISPANIC OR LATINO, AND NOT HISPANIC OR LATINO BY RACE",Total population
P0020057,White; American Indian and Alaska Native; Asian; Some Other Race,"P2. HISPANIC OR LATINO, AND NOT HISPANIC OR LATINO BY RACE",Total population
P0020058,White; American Indian and Alaska Native; Native Hawaiian and Other Pacific Islander; Some Other Race,"P2. HISPANIC OR LATINO, AND NOT HISPANIC OR LATINO BY RACE",Total population
P0020059,White; Asian; Native Hawaiian and Other Pacific Islander; Some Other Race,"P2. HISPANIC OR LATINO, AND NOT HISPANIC OR LATINO BY RACE",Total population
P0020060,Black or African American; American Indian and Alaska Native; Asian; Native Hawaiian and Other Pacific Islander,"P2. HISPANIC OR LATINO, AND NOT HISPANIC OR LATINO BY RACE",Total population
P0020061,Black or African American; American Indian and Alaska Native; Asian; Some Other Race,"P2. HISPANIC OR LATINO, AND NOT HISPANIC OR LATINO BY RACE",Total population
P0020062,Black or African American; American Indian and Alaska Native; Native Hawaiian and Other Pacific Islander; Some Other Race,"P2. HISPANIC OR LATINO, AND NOT HISPANIC OR LATINO BY RACE",Total population
P0020063,Black or African American; Asian; Native Hawaiian and Other Pacific Islander; Some Other Race,"P2. HISPANIC OR LATINO, AND NOT HISPANIC OR LATINO BY RACE",Total population
P0020064,American Indian and Alaska Native; Asian; Native Hawaiian and Other Pacific Islander; Some Other Race,"P2. HISPANIC OR LATINO, AND NOT HISPANIC OR LATINO BY RACE",Total population
P0020065,Population of five races:,"P2. HISPANIC OR LATINO, AND NOT HISPANIC OR LATINO BY RACE",Total population
P0020066,White; Black or African American; American Indian and Alaska Native; Asian; Native Hawaiian and Other Pacific Islander,"P2. HISPANIC OR LATINO, AND NOT HISPANIC OR LATINO BY RACE",Total population
P0020067,White; Black or African American; American Indian and Alaska Native; Asian; Some Other Race,"P2. HISPANIC OR LATINO, AND NOT HISPANIC OR LATINO BY RACE",Total population
P0020068,White; Black or African American; American Indian and Alaska Native; Native Hawaiian and Other Pacific Islander; Some Other Race,"P2. HISPANIC OR LATINO, AND NOT HISPANIC OR LATINO BY RACE",Total population
P0020069,White; Black or African American; Asian; Native Hawaiian and Other Pacific Islander; Some Other Race,"P2. HISPANIC OR LATINO, AND NOT HISPANIC OR LATINO BY RACE",Total population
P0020070,White; American Indian and Alaska Native; Asian; Native Hawaiian and Other Pacific Islander; Some Other Race,"P2. HISPANIC OR LATINO, AND NOT HISPANIC OR LATINO BY RACE",Total population
P0020071,Black or African American; American Indian and Alaska Native; Asian; Native Hawaiian and Other Pacific Islander; Some Other Race,"P2. HISPANIC OR LATINO, AND NOT HISPANIC OR LATINO BY RACE",Total population
P0020072,Population of six races:,"P2. HISPANIC OR LATINO, AND NOT HISPANIC OR LATINO BY RACE",Total population
P0020073,White; Black or African American; American Indian and Alaska Native; Asian; Native Hawaiian and Other Pacific Islander; Some Other Race,"P2. HISPANIC OR LATINO, AND NOT HISPANIC OR LATINO BY RACE",Total population
P0030001,Total:,P3. RACE FOR THE POPULATION 18 YEARS AND OVER,Total population 18 years and over
P0030002,Population of one race:,P3. RACE FOR THE POPULATION 18 YEARS AND OVER,Total population 18 years and over
P0030003,White alone,P3. RACE FOR THE POPULATION 18 YEARS AND OVER,Total population 18 years and over
P0030004,Black or African American alone,P3. RACE FOR THE POPULATION 18 YEARS AND OVER,Total population 18 years and over
P0030005,American Indian and Alaska Native alone,P3. RACE FOR THE POPULATION 18 YEARS AND OVER,Total population 18 years and over
P0030006,Asian alone,P3. RACE FOR THE POPULATION 18 YEARS AND OVER,Total population 18 years and over
P0030007,Native Hawaiian and Other Pacific Islander alone,P3. RACE FOR THE POPULATION 18 YEARS AND OVER,Total population 18 years and over
P0030008,Some Other Race alone,P3. RACE FOR THE POPULATION 18 YEARS AND OVER,Total population 18 years and over
P0030009,Population of two or more races:,P3. RACE FOR THE POPULATION 18 YEARS AND OVER,Total population 18 years and over
P0030010,Population of two races:,P3. RACE FOR THE POPULATION 18 YEARS AND OVER,Total population 18 years and over
P0030011,White; Black or African American,P3. RACE FOR THE POPULATION 18 YEARS AND OVER,Total population 18 years and over
P0030012,White; American Indian and Alaska Native,P3. RACE FOR THE POPULATION 18 YEARS AND OVER,Total population 18 years and over
P0030013,White; Asian,P3. RACE FOR THE POPULATION 18 YEARS AND OVER,Total population 18 years and over
P0030014,White; Native Hawaiian and Other Pacific Islander,P3. RACE FOR THE POPULATION 18 YEARS AND OVER,Total population 18 years and over
P0030015,White; Some Other Race,P3. RACE FOR THE POPULATION 18 YEARS AND OVER,Total population 18 years and over
P0030016,Black or African American; American Indian and Alaska Native,P3. RACE FOR THE POPULATION 18 YEARS AND OVER,Total population 18 years and over
P0030017,Black or African American; Asian,P3. RACE FOR THE POPULATION 18 YEARS AND OVER,Total population 18 years and over
P0030018,Black or African American; Native Hawaiian and Other Pacific Islander,P3. RACE FOR THE POPULATION 18 YEARS AND OVER,Total population 18 years and over
P0030019,Black or African American; Some Other Race,P3. RACE FOR THE POPULATION 18 YEARS AND OVER,Total population 18 years and over
P0030020,American Indian and Alaska Native; Asian,P3. RACE FOR THE POPULATION 18 YEARS AND OVER,Total population 18 years and over
P0030021,American Indian and Alaska Native; Native Hawaiian and Other Pacific Islander,P3. RACE FOR THE POPULATION 18 YEARS AND OVER,Total population 18 years and over
P0030022,American Indian and Alaska Native; Some Other Race,P3. RACE FOR THE POPULATION 18 YEARS AND OVER,Total population 18 years and over
P0030023,Asian; Native Hawaiian and Other Pacific Islander,P3. RACE FOR THE POPULATION 18 YEARS AND OVER,Total population 18 years and over
P0030024,Asian; Some Other Race,P3. RACE FOR THE POPULATION 18 YEARS AND OVER,Total population 18 years and over
P0030025,Native Hawaiian and Other Pacific Islander; Some Other Race,P3. RACE FOR THE POPULATION 18 YEARS AND OVER,Total population 18 years and over
P0030026,Population of three races:,P3. RACE FOR THE POPULATION 18 YEARS AND OVER,Total population 18 years and over
P0030027,White; Black or African American; American Indian and Alaska Native,P3. RACE FOR THE POPULATION 18 YEARS AND OVER,Total population 18 years and over
P0030028,White; Black or African American; Asian,P3. RACE FOR THE POPULATION 18 YEARS AND OVER,Total population 18 years and over
P0030029,White; Black or African American; Native Hawaiian and Other Pacific Islander,P3. RACE FOR THE POPULATION 18 YEARS AND OVER,Total population 18 years and over
P0030030,White; Black or African American; Some Other Race,P3. RACE FOR THE POPULATION 18 YEARS AND OVER,Total population 18 years and over
P0030031,White; American Indian and Alaska Native; Asian,P3. RACE FOR THE POPULATION 18 YEARS AND OVER,Total population 18 years and over
P0030032,White; American Indian and Alaska Native; Native Hawaiian and Other Pacific Islander,P3. RACE FOR THE POPULATION 18 YEARS AND OVER,Total population 18 years and over
P0030033,White; American Indian and Alaska Native; Some Other Race,P3. RACE FOR THE POPULATION 18 YEARS AND OVER,Total population 18 years and over
P0030034,White; Asian; Native Hawaiian and Other Pacific Islander,P3. RACE FOR THE POPULATION 18 YEARS AND OVER,Total population 18 years and over
P0030035,White; Asian; Some Other Race,P3. RACE FOR THE POPULATION 18 YEARS AND OVER,Total population 18 years and over
P0030036,White; Native Hawaiian and Other Pacific Islander; Some Other Race,P3. RACE FOR THE POPULATION 18 YEARS AND OVER,Total population 18 years and over
P0030037,Black or African American; American Indian and Alaska Native; Asian,P3. RACE FOR THE POPULATION 18 YEARS AND OVER,Total population 18 years and over
P0030038,Black or African American; American Indian and Alaska Native; Native Hawaiian and Other Pacific Islander,P3. RACE FOR THE POPULATION 18 YEARS AND OVER,Total population 18 years and over
P0030039,Black or African American; American Indian and Alaska Native; Some Other Race,P3. RACE FOR THE POPULATION 18 YEARS AND OVER,Total population 18 years and over
P0030040,Black or African American; Asian; Native Hawaiian and Other Pacific Islander,P3. RACE FOR THE POPULATION 18 YEARS AND OVER,Total population 18 years and over
P0030041,Black or African American; Asian; Some Other Race,P3. RACE FOR THE POPULATION 18 YEARS AND OVER,Total population 18 years and over
P0030042,Black or African American; Native Hawaiian and Other Pacific Islander; Some Other Race,P3. RACE FOR THE POPULATION 18 YEARS AND OVER,Total population 18 years and over
P0030043,American Indian and Alaska Native; Asian; Native Hawaiian and Other Pacific Islander,P3. RACE FOR THE POPULATION 18 YEARS AND OVER,Total population 18 years and over
P0030044,American Indian and Alaska Native; Asian; Some Other Race,P3. RACE FOR THE POPULATION 18 YEARS AND OVER,Total population 18 years and over
P0030045,American Indian and Alaska Native; Native Hawaiian and Other Pacific Islander; Some Other Race,P3. RACE FOR THE POPULATION 18 YEARS AND OVER,Total population 18 years and over
P0030046,Asian; Native Hawaiian and Other Pacific Islander; Some Other Race,P3. RACE FOR THE POPULATION 18 YEARS AND OVER,Total population 18 years and over
P0030047,Population of four races:,P3. RACE FOR THE POPULATION 18 YEARS AND OVER,Total population 18 years and over
P0030048,White; Black or African American; American Indian and Alaska Native; Asian,P3. RACE FOR THE POPULATION 18 YEARS AND OVER,Total population 18 years and over
P0030049,White; Black or African American; American Indian and Alaska Native; Native Hawaiian and Other Pacific Islander,P3. RACE FOR THE POPULATION 18 YEARS AND OVER,Total population 18 years and over
P0030050,White; Black or African American; American Indian and Alaska Native; Some Other Race,P3. RACE FOR THE POPULATION 18 YEARS AND OVER,Total population 18 years and over
P0030051,White; Black or African American; Asian; Native Hawaiian and Other Pacific Islander,P3. RACE FOR THE POPULATION 18 YEARS AND OVER,Total population 18 years and over
P0030052,White; Black or African American; Asian; Some Other Race,P3. RACE FOR THE POPULATION 18 YEARS AND OVER,Total population 18 years and over
P0030053,White; Black or African American; Native Hawaiian and Other Pacific Islander; Some Other Race,P3. RACE FOR THE POPULATION 18 YEARS AND OVER,Total population 18 years and over
P0030054,White; American Indian and Alaska Native; Asian; Native Hawaiian and Other Pacific Islander,P3. RACE FOR THE POPULATION 18 YEARS AND OVER,Total population 18 years and over
P0030055,White; American Indian and Alaska Native; Asian; Some Other Race,P3. RACE FOR THE POPULATION 18 YEARS AND OVER,Total population 18 years and over
P0030056,White; American Indian and Alaska Native; Native Hawaiian and Other Pacific Islander; Some Other Race,P3. RACE FOR THE POPULATION 18 YEARS AND OVER,Total population 18 years and over
P0030057,White; Asian; Native Hawaiian and Other Pacific Islander; Some Other Race,P3. RACE FOR THE POPULATION 18 YEARS AND OVER,Total population 18 years and over
P0030058,Black or African American; American Indian and Alaska Native; Asian; Native Hawaiian and Other Pacific Islander,P3. RACE FOR THE POPULATION 18 YEARS AND OVER,Total population 18 years and over
P0030059,Black or African American; American Indian and Alaska Native; Asian; Some Other Race,P3. RACE FOR THE POPULATION 18 YEARS AND OVER,Total population 18 years and over
P0030060,Black or African American; American Indian and Alaska Native; Native Hawaiian and Other Pacific Islander; Some Other Race,P3. RACE FOR THE POPULATION 18 YEARS AND OVER,Total population 18 years and over
P0030061,Black or African American; Asian; Native Hawaiian and Other Pacific Islander; Some Other Race,P3. RACE FOR THE POPULATION 18 YEARS AND OVER,Total population 18 years and over
P0030062,American Indian and Alaska Native; Asian; Native Hawaiian and Other Pacific Islander; Some Other Race,P3. RACE FOR THE POPULATION 18 YEARS AND OVER,Total population 18 years and over
P0030063,Population of five races:,P3. RACE FOR THE POPULATION 18 YEARS AND OVER,Total population 18 years and over
P0030064,White; Black or African American; American Indian and Alaska Native; Asian; Native Hawaiian and Other Pacific Islander,P3. RACE FOR THE POPULATION 18 YEARS AND OVER,Total population 18 years and over
P0030065,White; Black or African American; American Indian and Alaska Native; Asian; Some Other Race,P3. RACE FOR THE POPULATION 18 YEARS AND OVER,Total population 18 years and over
P0030066,White; Black or African American; American Indian and Alaska Native; Native Hawaiian and Other Pacific Islander; Some Other Race,P3. RACE FOR THE POPULATION 18 YEARS AND OVER,Total population 18 years and over
P0030067,White; Black or African American; Asian; Native Hawaiian and Other Pacific Islander; Some Other Race,P3. RACE FOR THE POPULATION 18 YEARS AND OVER,Total population 18 years and over
P0030068,White; American Indian and Alaska Native; Asian; Native Hawaiian and Other Pacific Islander; Some Other Race,P3. RACE FOR THE POPULATION 18 YEARS AND OVER,Total population 18 years and over
P0030069,Black or African American; American Indian and Alaska Native; Asian; Native Hawaiian and Other Pacific Islander; Some Other Race,P3. RACE FOR THE POPULATION 18 YEARS AND OVER,Total population 18 years and over
P0030070,Population of six races:,P3. RACE FOR THE POPULATION 18 YEARS AND OVER,Total population 18 years and over
P0030071,White; Black or African American; American Indian and Alaska Native; Asian; Native Hawaiian and Other Pacific Islander; Some Other Race,P3. RACE FOR THE POPULATION 18 YEARS AND OVER,Total population 18 years and over
P0040001,Total:,"P4. HISPANIC OR LATINO, AND NOT HISPANIC OR LATINO BY RACE FOR THE POPULATION 18 YEARS AND OVER",Total population 18 years and over
P0040002,Hispanic or Latino,"P4. HISPANIC OR LATINO, AND NOT HISPANIC OR LATINO BY RACE FOR THE POPULATION 18 YEARS AND OVER",Total population 18 years and over
P0040003,Not Hispanic or Latino:,"P4. HISPANIC OR LATINO, AND NOT HISPANIC OR LATINO BY RACE FOR THE POPULATION 18 YEARS AND OVER",Total population 18 years and over
P0040004,Population of one race:,"P4. HISPANIC OR LATINO, AND NOT HISPANIC OR LATINO BY RACE FOR THE POPULATION 18 YEARS AND OVER",Total population 18 years and over
P0040005,White alone,"P4. HISPANIC OR LATINO, AND NOT HISPANIC OR LATINO BY RACE FOR THE POPULATION 18 YEARS AND OVER",Total population 18 years and over
P0040006,Black or African American alone,"P4. HISPANIC OR LATINO, AND NOT HISPANIC OR LATINO BY RACE FOR THE POPULATION 18 YEARS AND OVER",Total population 18 years and over
P0040007,American Indian and Alaska Native alone,"P4. HISPANIC OR LATINO, AND NOT HISPANIC OR LATINO BY RACE FOR THE POPULATION 18 YEARS AND OVER",Total population 18 years and over
P0040008,Asian alone,"P4. HISPANIC OR LATINO, AND NOT HISPANIC OR LATINO BY RACE FOR THE POPULATION 18 YEARS AND OVER",Total population 18 years and over
P0040009,Native Hawaiian and Other Pacific Islander alone,"P4. HISPANIC OR LATINO, AND NOT HISPANIC OR LATINO BY RACE FOR THE POPULATION 18 YEARS AND OVER",Total population 18 years and over
P0040010,Some Other Race alone,"P4. HISPANIC OR LATINO, AND NOT HISPANIC OR LATINO BY RACE FOR THE POPULATION 18 YEARS AND OVER",Total population 18 years and over
P0040011,Population of two or more races:,"P4. HISPANIC OR LATINO, AND NOT HISPANIC OR LATINO BY RACE FOR THE POPULATION 18 YEARS AND OVER",Total population 18 years and over
P0040012,Population of two races:,"P4. HISPANIC OR LATINO, AND NOT HISPANIC OR LATINO BY RACE FOR THE POPULATION 18 YEARS AND OVER",Total population 18 years and over
P0040013,White; Black or African American,"P4. HISPANIC OR LATINO, AND NOT HISPANIC OR LATINO BY RACE FOR THE POPULATION 18 YEARS AND OVER",Total population 18 years and over
P0040014,White; American Indian and Alaska Native,"P4. HISPANIC OR LATINO, AND NOT HISPANIC OR LATINO BY RACE FOR THE POPULATION 18 YEARS AND OVER",Total population 18 years and over
P0040015,White; Asian,"P4. HISPANIC OR LATINO, AND NOT HISPANIC OR LATINO BY RACE FOR THE POPULATION 18 YEARS AND OVER",Total population 18 years and over
P0040016,White; Native Hawaiian and Other Pacific Islander,"P4. HISPANIC OR LATINO, AND NOT HISPANIC OR LATINO BY RACE FOR THE POPULATION 18 YEARS AND OVER",Total population 18 years and over
P0040017,White; Some Other Race,"P4. HISPANIC OR LATINO, AND NOT HISPANIC OR LATINO BY RACE FOR THE POPULATION 18 YEARS AND OVER",Total population 18 years and over
P0040018,Black or African American; American Indian and Alaska Native,"P4. HISPANIC OR LATINO, AND NOT HISPANIC OR LATINO BY RACE FOR THE POPULATION 18 YEARS AND OVER",Total population 18 years and over
P0040019,Black or African American; Asian,"P4. HISPANIC OR LATINO, AND NOT HISPANIC OR LATINO BY RACE FOR THE POPULATION 18 YEARS AND OVER",Total population 18 years and over
P0040020,Black or African American; Native Hawaiian and Other Pacific Islander,"P4. HISPANIC OR LATINO, AND NOT HISPANIC OR LATINO BY RACE FOR THE POPULATION 18 YEARS AND OVER",Total population 18 years and over
P0040021,Black or African American; Some Other Race,"P4. HISPANIC OR LATINO, AND NOT HISPANIC OR LATINO BY RACE FOR THE POPULATION 18 YEARS AND OVER",Total population 18 years and over
P0040022,American Indian and Alaska Native; Asian,"P4. HISPANIC OR LATINO, AND NOT HISPANIC OR LATINO BY RACE FOR THE POPULATION 18 YEARS AND OVER",Total population 18 years and over
P0040023,American Indian and Alaska Native; Native Hawaiian and Other Pacific Islander,"P4. HISPANIC OR LATINO, AND NOT HISPANIC OR LATINO BY RACE FOR THE POPULATION 18 YEARS AND OVER",Total population 18 years and over
P0040024,American Indian and Alaska Native; Some Other Race,"P4. HISPANIC OR LATINO, AND NOT HISPANIC OR LATINO BY RACE FOR THE POPULATION 18 YEARS AND OVER",Total population 18 years and over
P0040025,Asian; Native Hawaiian and Other Pacific Islander,"P4. HISPANIC OR LATINO, AND NOT HISPANIC OR LATINO BY RACE FOR THE POPULATION 18 YEARS AND OVER",Total population 18 years and over
P0040026,Asian; Some Other Race,"P4. HISPANIC OR LATINO, AND NOT HISPANIC OR LATINO BY RACE FOR THE POPULATION 18 YEARS AND OVER",Total population 18 years and over
P0040027,Native Hawaiian and Other Pacific Islander; Some Other Race,"P4. HISPANIC OR LATINO, AND NOT HISPANIC OR LATINO BY RACE FOR THE POPULATION 18 YEARS AND OVER",Total population 18 years and over
P0040028,Population of three races:,"P4. HISPANIC OR LATINO, AND NOT HISPANIC OR LATINO BY RACE FOR THE POPULATION 18 YEARS AND OVER",Total population 18 years and over
P0040029,White; Black or African American; American Indian and Alaska Native,"P4. HISPANIC OR LATINO, AND NOT HISPANIC OR LATINO BY RACE FOR THE POPULATION 18 YEARS AND OVER",Total population 18 years and over
P0040030,White; Black or African American; Asian,"P4. HISPANIC OR LATINO, AND NOT HISPANIC OR LATINO BY RACE FOR THE POPULATION 18 YEARS AND OVER",Total population 18 years and over
P0040031,White; Black or African American; Native Hawaiian and Other Pacific Islander,"P4. HISPANIC OR LATINO, AND NOT HISPANIC OR LATINO BY RACE FOR THE POPULATION 18 YEARS AND OVER",Total population 18 years and over
P0040032,White; Black or African American; Some Other Race,"P4. HISPANIC OR LATINO, AND NOT HISPANIC OR LATINO BY RACE FOR THE POPULATION 18 YEARS AND OVER",Total population 18 years and over
P0040033,White; American Indian and Alaska Native; Asian,"P4. HISPANIC OR LATINO, AND NOT HISPANIC OR LATINO BY RACE FOR THE POPULATION 18 YEARS AND OVER",Total population 18 years and over
P0040034,White; American Indian and Alaska Native; Native Hawaiian and Other Pacific Islander,"P4. HISPANIC OR LATINO, AND NOT HISPANIC OR LATINO BY RACE FOR THE POPULATION 18 YEARS AND OVER",Total population 18 years and over
P0040035,White; American Indian and Alaska Native; Some Other Race,"P4. HISPANIC OR LATINO, AND NOT HISPANIC OR LATINO BY RACE FOR THE POPULATION 18 YEARS AND OVER",Total population 18 years and over
P0040036,White; Asian; Native Hawaiian and Other Pacific Islander,"P4. HISPANIC OR LATINO, AND NOT HISPANIC OR LATINO BY RACE FOR THE POPULATION 18 YEARS AND OVER",Total population 18 years and over
P0040037,White; Asian; Some Other Race,"P4. HISPANIC OR LATINO, AND NOT HISPANIC OR LATINO BY RACE FOR THE POPULATION 18 YEARS AND OVER",Total population 18 years and over
P0040038,White; Native Hawaiian and Other Pacific Islander; Some Other Race,"P4. HISPANIC OR LATINO, AND NOT HISPANIC OR LATINO BY RACE FOR THE POPULATION 18 YEARS AND OVER",Total population 18 years and over
P0040039,Black or African American; American Indian and Alaska Native; Asian,"P4. HISPANIC OR LATINO, AND NOT HISPANIC OR LATINO BY RACE FOR THE POPULATION 18 YEARS AND OVER",Total population 18 years and over
P0040040,Black or African American; American Indian and Alaska Native; Native Hawaiian and Other Pacific Islander,"P4. HISPANIC OR LATINO, AND NOT HISPANIC OR LATINO BY RACE FOR THE POPULATION 18 YEARS AND OVER",Total population 18 years and over
P0040041,Black or African American; American Indian and Alaska Native; Some Other Race,"P4. HISPANIC OR LATINO, AND NOT HISPANIC OR LATINO BY RACE FOR THE POPULATION 18 YEARS AND OVER",Total population 18 years and over
P0040042,Black or African American; Asian; Native Hawaiian and Other Pacific Islander,"P4. HISPANIC OR LATINO, AND NOT HISPANIC OR LATINO BY RACE FOR THE POPULATION 18 YEARS AND OVER",Total population 18 years and over
P0040043,Black or African American; Asian; Some Other Race,"P4. HISPANIC OR LATINO, AND NOT HISPANIC OR LATINO BY RACE FOR THE POPULATION 18 YEARS AND OVER",Total population 18 years and over
P0040044,Black or African American; Native Hawaiian and Other Pacific Islander; Some Other Race,"P4. HISPANIC OR LATINO, AND NOT HISPANIC OR LATINO BY RACE FOR THE POPULATION 18 YEARS AND OVER",Total population 18 years and over
P0040045,American Indian and Alaska Native; Asian; Native Hawaiian and Other Pacific Islander,"P4. HISPANIC OR LATINO, AND NOT HISPANIC OR LATINO BY RACE FOR THE POPULATION 18 YEARS AND OVER",Total population 18 years and over
P0040046,American Indian and Alaska Native; Asian; Some Other Race,"P4. HISPANIC OR LATINO, AND NOT HISPANIC OR LATINO BY RACE FOR THE POPULATION 18 YEARS AND OVER",Total population 18 years and over
P0040047,American Indian and Alaska Native; Native Hawaiian and Other Pacific Islander; Some Other Race,"P4. HISPANIC OR LATINO, AND NOT HISPANIC OR LATINO BY RACE FOR THE POPULATION 18 YEARS AND OVER",Total population 18 years and over
P0040048,Asian; Native Hawaiian and Other Pacific Islander; Some Other Race,"P4. HISPANIC OR LATINO, AND NOT HISPANIC OR LATINO BY RACE FOR THE POPULATION 18 YEARS AND OVER",Total population 18 years and over
P0040049,Population of four races:,"P4. HISPANIC OR LATINO, AND NOT HISPANIC OR LATINO BY RACE FOR THE POPULATION 18 YEARS AND OVER",Total population 18 years and over
P0040050,White; Black or African American; American Indian and Alaska Native; Asian,"P4. HISPANIC OR LATINO, AND NOT HISPANIC OR LATINO BY RACE FOR THE POPULATION 18 YEARS AND OVER",Total population 18 years and over
P0040051,White; Black or African American; American Indian and Alaska Native; Native Hawaiian and Other Pacific Islander,"P4. HISPANIC OR LATINO, AND NOT HISPANIC OR LATINO BY RACE FOR THE POPULATION 18 YEARS AND OVER",Total population 18 years and over
P0040052,White; Black or African American; American Indian and Alaska Native; Some Other Race,"P4. HISPANIC OR LATINO, AND NOT HISPANIC OR LATINO BY RACE FOR THE POPULATION 18 YEARS AND OVER",Total population 18 years and over
P0040053,White; Black or African American; Asian; Native Hawaiian and Other Pacific Islander,"P4. HISPANIC OR LATINO, AND NOT HISPANIC OR LATINO BY RACE FOR THE POPULATION 18 YEARS AND OVER",Total population 18 years and over
P0040054,White; Black or African American; Asian; Some Other Race,"P4. HISPANIC OR LATINO, AND NOT HISPANIC OR LATINO BY RACE FOR THE POPULATION 18 YEARS AND OVER",Total population 18 years and over
P0040055,White; Black or African American; Native Hawaiian and Other Pacific Islander; Some Other Race,"P4. HISPANIC OR LATINO, AND NOT HISPANIC OR LATINO BY RACE FOR THE POPULATION 18 YEARS AND OVER",Total population 18 years and over
P0040056,White; American Indian and Alaska Native; Asian; Native Hawaiian and Other Pacific Islander,"P4. HISPANIC OR LATINO, AND NOT HISPANIC OR LATINO BY RACE FOR THE POPULATION 18 YEARS AND OVER",Total population 18 years and over
P0040057,White; American Indian and Alaska Native; Asian; Some Other Race,"P4. HISPANIC OR LATINO, AND NOT HISPANIC OR LATINO BY RACE FOR THE POPULATION 18 YEARS AND OVER",Total population 18 years and over
P0040058,White; American Indian and Alaska Native; Native Hawaiian and Other Pacific Islander; Some Other Race,"P4. HISPANIC OR LATINO, AND NOT HISPANIC OR LATINO BY RACE FOR THE POPULATION 18 YEARS AND OVER",Total population 18 years and over
P0040059,White; Asian; Native Hawaiian and Other Pacific Islander; Some Other Race,"P4. HISPANIC OR LATINO, AND NOT HISPANIC OR LATINO BY RACE FOR THE POPULATION 18 YEARS AND OVER",Total population 18 years and over
P0040060,Black or African American; American Indian and Alaska Native; Asian; Native Hawaiian and Other Pacific Islander,"P4. HISPANIC OR LATINO, AND NOT HISPANIC OR LATINO BY RACE FOR THE POPULATION 18 YEARS AND OVER",Total population 18 years and over
P0040061,Black or African American; American Indian and Alaska Native; Asian; Some Other Race,"P4. HISPANIC OR LATINO, AND NOT HISPANIC OR LATINO BY RACE FOR THE POPULATION 18 YEARS AND OVER",Total population 18 years and over
P0040062,Black or African American; American Indian and Alaska Native; Native Hawaiian and Other Pacific Islander; Some Other Race,"P4. HISPANIC OR LATINO, AND NOT HISPANIC OR LATINO BY RACE FOR THE POPULATION 18 YEARS AND OVER",Total population 18 years and over
P0040063,Black or African American; Asian; Native Hawaiian and Other Pacific Islander; Some Other Race,"P4. HISPANIC OR LATINO, AND NOT HISPANIC OR LATINO BY RACE FOR THE POPULATION 18 YEARS AND OVER",Total population 18 years and over
P0040064,American Indian and Alaska Native; Asian; Native Hawaiian and Other Pacific Islander; Some Other Race,"P4. HISPANIC OR LATINO, AND NOT HISPANIC OR LATINO BY RACE FOR THE POPULATION 18 YEARS AND OVER",Total population 18 years and over
P0040065,Population of five races:,"P4. HISPANIC OR LATINO, AND NOT HISPANIC OR LATINO BY RACE FOR THE POPULATION 18 YEARS AND OVER",Total population 18 years and over
P0040066,White; Black or African American; American Indian and Alaska Native; Asian; Native Hawaiian and Other Pacific Islander,"P4. HISPANIC OR LATINO, AND NOT HISPANIC OR LATINO BY RACE FOR THE POPULATION 18 YEARS AND OVER",Total population 18 years and over
P0040067,White; Black or African American; American Indian and Alaska Native; Asian; Some Other Race,"P4. HISPANIC OR LATINO, AND NOT HISPANIC OR LATINO BY RACE FOR THE POPULATION 18 YEARS AND OVER",Total population 18 years and over
P0040068,White; Black or African American; American Indian and Alaska Native; Native Hawaiian and Other Pacific Islander; Some Other Race,"P4. HISPANIC OR LATINO, AND NOT HISPANIC OR LATINO BY RACE FOR THE POPULATION 18 YEARS AND OVER",Total population 18 years and over
P0040069,White; Black or African American; Asian; Native Hawaiian and Other Pacific Islander; Some Other Race,"P4. HISPANIC OR LATINO, AND NOT HISPANIC OR LATINO BY RACE FOR THE POPULATION 18 YEARS AND OVER",Total population 18 years and over
P0040070,White; American Indian and Alaska Native; Asian; Native Hawaiian and Other Pacific Islander; Some Other Race,"P4. HISPANIC OR LATINO, AND NOT HISPANIC OR LATINO BY RACE FOR THE POPULATION 18 YEARS AND OVER",Total population 18 years and over
P0040071,Black or African American; American Indian and Alaska Native; Asian; Native Hawaiian and Other Pacific Islander; Some Other Race,"P4. HISPANIC OR LATINO, AND NOT HISPANIC OR LATINO BY RACE FOR THE POPULATION 18 YEARS AND OVER",Total population 18 years and over
P0040072,Population of six races:,"P4. HISPANIC OR LATINO, AND NOT HISPANIC OR LATINO BY RACE FOR THE POPULATION 18 YEARS AND OVER",Total population 18 years and over
P0040073,White; Black or African American; American Indian and Alaska Native; Asian; Native Hawaiian and Other Pacific Islander; Some Other Race,"P4. HISPANIC OR LATINO, AND NOT HISPANIC OR LATINO BY RACE FOR THE POPULATION 18 YEARS AND OVER",Total population 18 years and over
P0050001,Total:,P5. GROUP QUARTERS POPULATION BY MAJOR GROUP QUARTERS TYPE,Population in group quarters
P0050002,Institutionalized population:,P5. GROUP QUARTERS POPULATION BY MAJOR GROUP QUARTERS TYPE,Population in group quarters
P0050003,Correctional facilities for adults,P5. GROUP QUARTERS POPULATION BY MAJOR GROUP QUARTERS TYPE,Population in group quarters
P0050004,Juvenile facilities,P5. GROUP QUARTERS POPULATION BY MAJOR GROUP QUARTERS TYPE,Population in group quarters
P0050005,Nursing facilities/Skilled-nursing facilities,P5. GROUP QUARTERS POPULATION BY MAJOR GROUP QUARTERS TYPE,Population in group quarters
P0050006,Other institutional facilities,P5. GROUP QUARTERS POPULATION BY MAJOR GROUP QUARTERS TYPE,Population in group quarters
P0050007,Noninstitutionalized population:,P5. GROUP QUARTERS POPULATION BY MAJOR GROUP QUARTERS TYPE,Population in group quarters
P0050008,College/University student housing,P5. GROUP QUARTERS POPULATION BY MAJOR GROUP QUARTERS TYPE,Population in group quarters
P0050009,Military quarters,P5. GROUP QUARTERS POPULATION BY MAJOR GROUP QUARTERS TYPE,Population in group quarters
P0050010,Other noninstitutional facilities,P5. GROUP QUARTERS POPULATION BY MAJOR GROUP QUARTERS TYPE,Population in group quarters
H0010001,Total:,H1. OCCUPANCY STATUS,Housing units
H0010002,Occupied,H1. OCCUPANCY STATUS,Housing units
H0010003,Vacant,H1. OCCUPANCY STATUS,Housing units
